TTT,F,0.25,9.2,TCT,S,0.19,10.8,TAT,Y,0.25,8.1,TGT,C,0.35,6.9   
TTC,F,0.75,27.3,TCC,S,0.24,14.1,TAC,Y,0.75,24.1,TGC,C,0.65,12.8 
TTA,L,0.07,5.7,TCA,S,0.16,9.2,TAA,*,0.68,2.8,TGA,*,0.17,0.7
TTG,L,0.2,15.9,TCG,S,0.12,7.2,TAG,*,0.15,0.6,TGG,W,1,11.3
CTT,L,0.13,10.3,CCT,P,0.29,14.3,CAT,H,0.32,7.9,CGT,R,0.25,17.2
CTC,L,0.22,18.1,CCC,P,0.31,14.8,CAC,H,0.68,16.6,CGC,R,0.24,16.4
CTA,L,0.08,6.1,CCA,P,0.24,11.5,CAA,Q,0.39,15.2,CGA,R,0.08,5.5
CTG,L,0.31,25.2,CCG,P,0.16,7.9,CAG,Q,0.61,23.3,CGG,R,0.05,3.4
ATT,I,0.29,15.1,ACT,T,0.27,13.8,AAT,N,0.29,11.7,AGT,S,0.12,6.7
ATC,I,0.59,30.4,ACC,T,0.36,18.5,AAC,N,0.71,28.3,AGC,S,0.17,10.1
ATA,I,0.12,6,ACA,T,0.21,10.7,AAA,K,0.31,26,AGA,R,0.16,11.2
ATG,M,1,26.8,ACG,T,0.16,8.2,AAG,K,0.69,57.2,AGG,R,0.21,14.3
GTT,V,0.2,14.2,GCT,A,0.36,27,GAT,D,0.37,19.1,GGT,G,0.36,23.1
GTC,V,0.3,21.4,GCC,A,0.3,22.7,GAC,D,0.63,32.9,GGC,G,0.32,20.6
GTA,V,0.15,10.8,GCA,A,0.16,11.8,GAA,E,0.41,25,GGA,G,0.27,17.8
GTG,V,0.35,25.4,GCG,A,0.18,13.3,GAG,E,0.59,36.2,GGG,G,0.05,3.3